session,n_trials,n_unusable,unusable_rate,n_valid_RT
1,13800,1219,0.0883333333333333,12961
2,13800,1066,0.0772463768115942,13387
