class_name,n_trials,n_unusable,unusable_rate,n_valid_RT,mean_error_validRT,mean_RT_validRT
toward,8423,307,0.0364478214412917,8056,13.3118172790467,722.134930486594
noMS,7966,1315,0.165076575445644,7541,14.0958758785307,701.574194403925
away,4236,228,0.0538243626062323,4006,14.5986020968547,712.207438841737
tooSmall,6975,435,0.0623655913978495,6745,13.7312083024463,702.45752409192
unclassified,0,0,NaN,0,NaN,NaN
